Project,Folder Name,File Name,Summary
"AbdurRKhalid","AbstractFactory","WindowsOSFactory.java","WindowsOSFactory is a concrete factory implementing GUIFactory in the Abstract Factory pattern. It overrides `createButton()` and `createCheckBox()` to produce Windows-specific Button and CheckBox instances, collaborating with those product types."
"AbdurRKhalid","AbstractFactory","WindowsButton.java","`WindowsButton` is a concrete product in the Abstract Factory pattern, implementing the `Button` interface. Its single responsibility is Windows‑specific button rendering via the overridden `paint()` method, collaborating with abstract factory builders and clients that depend on the `Button` abstraction."
"AbdurRKhalid","AbstractFactory","Button.java","The `Button` interface declares a `paint()` method, defining a common contract for concrete button products. In the Abstract Factory pattern, it acts as an abstract product, enabling client code to create and use platform‑specific button implementations without depending on their concrete classes."
"AbdurRKhalid","AbstractFactory","Test.java","The `Test` class serves as the application entry point. Its sole responsibility is to invoke `Application.paint` from the `main` method. It acts as a client bootstrap, delegating all work to the `Application` collaborator. No explicit design-pattern role is evident from the static analysis."
"AbdurRKhalid","AbstractFactory","CheckBox.java","The `CheckBox` interface defines a contract for rendering a checkbox via `paint()`. It acts as a product in the Abstract Factory pattern, where concrete factories create platform-specific implementations. Collaborators include concrete checkbox classes and the abstract factory that instantiates them."
"AbdurRKhalid","AbstractFactory","MacOSFactory.java","MacOSFactory is a concrete factory implementing GUIFactory. It creates MacOS-specific Button and CheckBox instances via overridden createButton() and createCheckBox() methods. It fulfills the abstract factory pattern to provide a family of macOS UI components."
"AbdurRKhalid","AbstractFactory","MacOSButton.java","MacOSButton is a concrete product implementing the Button interface, providing a macOS-specific `paint` method. It serves as a platform variant created by an abstract factory, fulfilling the abstract factory pattern’s role of generating distinct UI components."
"AbdurRKhalid","AbstractFactory","WindowsCheckBox.java","WindowsCheckBox is a concrete product implementing the CheckBox interface. It provides a Windows-specific paint method. In the Abstract Factory pattern, it serves as a ConcreteProduct, created by a corresponding factory to ensure platform-consistent UI components."
"AbdurRKhalid","AbstractFactory","Application.java","The `Application` class holds a `Button` and `CheckBox` created by a `GUIFactory` supplied to its constructor. It exposes a `paint()` method, presumably to render the widgets. The class is instantiated and called from `Test.main`, acting as a top-level UI container that relies on the factory for component creation."
"AbdurRKhalid","AbstractFactory","MacOSCheckBox.java","MacOSCheckBox is a concrete product in the Abstract Factory pattern, implementing the CheckBox interface. It provides a macOS‑specific `paint()` method, fulfilling the CheckBox contract. It collaborates with the CheckBox abstraction to enable platform‑specific UI element creation."
"AbdurRKhalid","AbstractFactory","GUIFactory.java","null"
"AbdurRKhalid","Adapter","RoundHole.java","null"
"AbdurRKhalid","Adapter","RoundPeg.java","RoundPeg holds a private radius and exposes it via `getRadius()`. It acts as the adaptee in an adapter pattern, providing a specific interface that an adapter can convert for clients expecting a different shape."
"AbdurRKhalid","Adapter","Test.java","The `Test` class serves as the application entry point, containing only the `main` method. It has no captured collaborators or explicit design-pattern roles. Its sole responsibility is to bootstrap program execution via the static `main` method."
"AbdurRKhalid","Adapter","SquarePegAdapter.java","SquarePegAdapter adapts a `SquarePeg` to the `RoundPeg` interface by extending `RoundPeg` and overriding `getRadius()`. It holds a private `SquarePeg` reference, enabling square pegs to be used where round pegs are expected, fulfilling the Adapter pattern role."
"AbdurRKhalid","Adapter","SquarePeg.java","SquarePeg represents a square peg with a given width, exposing `getWidth()` and `getSquare()`. It serves as the Adaptee in an Adapter pattern, requiring adaptation to a target interface."
"AbdurRKhalid","Decorator","DataSourceDecorator.java","`DataSourceDecorator` is an abstract decorator in the Decorator pattern, wrapping a `DataSource` instance. It delegates `writeData` and `readData` to the wrapped `wrappee`, enabling transparent extension of data source behaviour. It is called by `Test.main`."
"AbdurRKhalid","Decorator","EncryptionDecorator.java","EncryptionDecorator extends DataSourceDecorator, encrypting data before writing and decrypting after reading it. It overrides `writeData` and `readData`, delegating to private `encode` and `decode` methods. It collaborates with a wrapped `DataSource` and functions as a ConcreteDecorator in the Decorator pattern."
"AbdurRKhalid","Decorator","Test.java","The Test class acts as a demonstration driver, invoking `readData` on the `DataSource` component and both `readData` and `writeData` on the `DataSourceDecorator`. It illustrates client-side usage of the Decorator pattern."
"AbdurRKhalid","Decorator","CompressionDecorator.java","CompressionDecorator is a concrete decorator that adds compression to a wrapped DataSource. It overrides read and write operations, applying private compress/decompress methods with a configurable level, then delegates to the base source. It plays the ConcreteDecorator role in the Decorator pattern."
"AbdurRKhalid","Decorator","FileDataSource.java","null"
"AbdurRKhalid","Decorator","DataSource.java","The `DataSource` interface defines a contract for reading and writing string data. It is exercised by `Test.main`, which likely drives a decorator-based composition; the interface probably serves as the component abstraction in a Decorator pattern, though no decorating classes were statically captured."
"AbdurRKhalid","Facade","Codec.java","The `Codec` interface defines a contract for encoding and decoding operations. It collaborates with implementing classes to provide consistent serialization and deserialization behaviour. No explicit design-pattern role is captured in the static analysis."
"AbdurRKhalid","Facade","Test.java","Test acts as the client, triggering a video conversion workflow by delegating to `VideoConversionFacade.convertVideo`. It demonstrates the Facade pattern by hiding subsystem complexity behind a single method call."
"AbdurRKhalid","Facade","OggCompressionCodec.java","OggCompressionCodec implements the Codec interface, identifying itself as an Ogg format handler via its public type field. Its responsibility is to serve as a concrete codec for Ogg compression. Collaborates with the Codec contract. No explicit design-pattern role is assigned."
"AbdurRKhalid","Facade","VideoConversionFacade.java","VideoConversionFacade acts as a Facade, providing a simple `convertVideo` interface. It delegates to CodecFactory.extract, BitrateReader.read/convert, and AudioMixer.fix, shielding clients like Test.main from the underlying complexity of video conversion."
"AbdurRKhalid","Facade","VideoFile.java","VideoFile stores a video file’s name and codec type, exposing them through getters. It acts as a simple data object, with its primary collaborator being CodecFactory.extract, which calls these accessors. No explicit design-pattern role is assigned."
"AbdurRKhalid","Facade","AudioMixer.java","AudioMixer supplies audio correction, accepting a `VideoFile` and returning a corrected `File`. It is invoked by `VideoConversionFacade.convertVideo` as part of the conversion pipeline, serving as a helper within the Facade pattern."
"AbdurRKhalid","Facade","CodecFactory.java","The public CodecFactory class provides a static factory method `extract` that creates a `Codec` based on a `VideoFile`'s type. It is invoked by `VideoConversionFacade.convertVideo` and collaborates with `VideoFile.getCodecType`, serving as a factory for codec objects within the facade pattern."
"AbdurRKhalid","Facade","MPEG4CompressionCodec.java","`MPEG4CompressionCodec` implements the `Codec` interface, serving as an MP4 codec with a public type field set to `""mp4""`. It collaborates through the `Codec` contract. No explicit design-pattern role was identified in static analysis."
"AbdurRKhalid","Facade","BitrateReader.java","BitrateReader is a utility class offering static methods to read and convert video files using a given codec. It is called exclusively by `VideoConversionFacade.convertVideo`, serving as a low-level helper in the conversion process. No design pattern role is explicitly assigned."
"AbdurRKhalid","FactoryMethod","WindowsButton.java","WindowsButton is a concrete product in the Factory Method pattern, implementing the Button interface. It provides Windows-specific rendering and click handling, with `render()` internally calling `onClick()`. It collaborates with the factory that creates it, fulfilling the product role."
"AbdurRKhalid","FactoryMethod","Button.java","The `Button` interface defines a contract for UI button components with `render()` and `onClick()` operations. As a product in the Factory Method pattern, it enables decoupled object creation through concrete implementations, allowing subclasses to determine the specific button type."
"AbdurRKhalid","FactoryMethod","Test.java","The `Test` class serves as the entry point, containing a `main` method and a private static `Dialog` field. It collaborates with the `Dialog` class to demonstrate the Factory Method pattern, though specific pattern roles are not captured in the static analysis."
"AbdurRKhalid","FactoryMethod","Dialog.java","The abstract `Dialog` class acts as a Creator in the Factory Method pattern. Its `renderWindow()` method orchestrates rendering and calls the abstract factory method `createButton()`, deferring button creation to subclasses. This enforces a consistent window rendering algorithm while enabling flexible button instantiation."
"AbdurRKhalid","FactoryMethod","WindowsDialog.java","WindowsDialog is a concrete creator in the Factory Method pattern, extending Dialog. Its sole responsibility is to override createButton() and return a platform-specific Button implementation. It collaborates with the abstract Dialog superclass to complete the button-creation step of the dialog rendering process."
"AbdurRKhalid","FactoryMethod","HtmlDialog.java","HtmlDialog extends Dialog and overrides createButton() to return a Button, serving as a concrete creator in the Factory Method pattern. It collaborates with the Dialog superclass and the Button product to produce HTML-specific buttons."
"AbdurRKhalid","FactoryMethod","HtmlButton.java","null"
"AbdurRKhalid","Memento","TextEditor.java","TextEditor manages a `TextWindow` and its saved state via `TextWindowState`. It provides `hitSave()` to capture the current state and `hitUndo()` to restore the previously saved state, enabling basic undo functionality."
"AbdurRKhalid","Memento","TextWindow.java","TextWindow serves as the Originator in the Memento pattern, encapsulating a mutable text buffer via `StringBuilder`. It exposes `addText` to modify state, `save` to produce a `TextWindowState` memento, and `restore` to revert to a captured snapshot."
"AbdurRKhalid","Memento","TextWindowState.java","`TextWindowState` stores a snapshot of text for a text window. It acts as a memento, holding `text` privately and providing it via `getText()`. Collaborators include a `TextEditor` originator and any caretaker that manages the snapshot. Its sole constructor accepts the state’s text."
"AbdurRKhalid","Observer","EmailNotificationListener.java","An concrete observer implementing `EventListener`, it stores an email address and overrides `update` to react to file events. It collaborates with the `EventListener` interface and participates in the Observer pattern."
"AbdurRKhalid","Observer","EventManager.java","EventManager serves as the Subject in the Observer pattern, maintaining a map of event types to lists of EventListener instances. It provides subscribe, unsubscribe, and notify operations, collaborating with EventListener and File to manage event-driven notifications."
"AbdurRKhalid","Observer","EventListener.java","The `EventListener` interface acts as the observer, defining a single `update` method to receive event notifications with a type and a file. Observables implementing the subject role call this method on registered listeners, enabling decoupled, event-driven collaboration."
"AbdurRKhalid","Observer","Editor.java","Editor handles file operations (openFile, saveFile) and notifies interested parties through the public EventManager. Its key collaborator is EventManager; no explicit design-pattern role is captured in static analysis."
"AbdurRKhalid","Observer","LogOpenListener.java","LogOpenListener is a concrete observer implementing the EventListener interface. It logs event notifications to a file specified at construction. Upon receiving the `update` call, it writes the event type and file details, collaborating with a subject (not shown) to observe file-related operations."
"AbdurRKhalid","Singleton","Test.java","Test serves as the application entry point, containing only a `main` method. No collaborators or design-pattern roles are evident from static analysis."
"AbdurRKhalid","Singleton","Singleton.java","The `Singleton` class manages a single, globally accessible instance via `getInstance(String)`. It holds a public `value` field and a public static `instance` reference. Its private constructor restricts direct instantiation, enforcing the Singleton pattern. No explicit collaborators are captured."
"AbdurRKhalid","Visitor","ComputerPart.java","`ComputerPart` is the **Element** interface in the Visitor pattern. Its sole responsibility is declaring `accept(ComputerPartVisitor)`, allowing a visitor to perform operations. It directly collaborates with `ComputerPartVisitor` implementations. It is implemented by the `Computer` class and receives calls from `Test.main` via `Computer.accept`."
"AbdurRKhalid","Visitor","Monitor.java","Monitor is a concrete element in the Visitor pattern. It extends `ComputerPart` and implements the `accept` method, which calls `ComputerPartVisitor.visit(this)`. This allows a visitor to perform operations on the monitor without altering its class hierarchy."
"AbdurRKhalid","Visitor","Mouse.java","Mouse is a concrete `ComputerPart` that implements the Visitor pattern. It accepts a `ComputerPartVisitor`, delegating to its `visit` method. This allows external operations to be performed on the Mouse without altering its class, fulfilling the Element role in the Visitor pattern."
"AbdurRKhalid","Visitor","ComputerPartDisplayVisitor.java","ComputerPartDisplayVisitor is a concrete Visitor that implements display logic for each ComputerPart. It overrides visit methods for Computer, Mouse, Keyboard, and Monitor, fulfilling the Visitor pattern’s operation-dispatch role by separating display behaviour from the element classes."
"AbdurRKhalid","Visitor","Test.java","Test serves as the application entry point, invoking the `accept` method on a `ComputerPart` instance. It collaborates with the `ComputerPart` interface to trigger an operation. No explicit design-pattern role is captured."
"AbdurRKhalid","Visitor","Keyboard.java","Keyboard is a concrete element in the Visitor pattern, extending ComputerPart. Its accept method delegates to ComputerPartVisitor.visit, enabling the visitor to perform operations on Keyboard instances."
"AbdurRKhalid","Visitor","Computer.java","Computer serves as a composite element in the Visitor pattern. It holds multiple `ComputerPart` components and its `accept` method delegates to each part’s `accept`, then calls the visitor’s `visit` method, enabling traversal of the entire structure."
"AbdurRKhalid","Visitor","ComputerPartVisitor.java","The ComputerPartVisitor interface declares visit methods for Computer, Mouse, Keyboard, and Monitor, enabling operations to be added without modifying those elements. It is called by each element’s accept method"
"JamesZBL","abstract-factory","YoungSailor.java","Public class YoungSailor implements Sailor. Provides a fixed Chinese description “我是年轻的水手” via getDescription(). Serves as a"
"JamesZBL","abstract-factory","OldShip.java","OldShip implements the `Ship` interface, serving as a concrete product in an abstract factory. It provides a fixed description via `getDescription()`. Static analysis also indicates an observer pattern role, though no observer-specific members are visible."
"JamesZBL","abstract-factory","YoungTeamFactory.java","YoungTeamFactory is a concrete factory implementing TeamFactory. It creates a family of young team objects: Ship, Captain, and Sailor. It serves as a Concrete Factory in the Abstract Factory pattern, collaborating with the TeamFactory interface and the product classes Ship, Captain, and Sailor."
"JamesZBL","abstract-factory","YoungCaptain.java","YoungCaptain implements the Captain interface, providing a fixed description (""我是一名年轻的船长""). It serves as a concrete product within an abstract factory."
"JamesZBL","abstract-factory","Captain.java","Captain is a public interface that extends Member, serving as a product variant in an abstract factory. Its instances act as observable subjects in an observer pattern. Key collaborators include the Member supertype, factory producers, and observer listeners."
"JamesZBL","abstract-factory","OldSailor.java","OldSailor implements the Sailor interface, returning a"
"JamesZBL","abstract-factory","NewShip.java","NewShip is a concrete `Ship` product in the Abstract Factory pattern. It provides a fixed description via `getDescription()`. The static analysis also hints at an Observer role, though no observable fields or notification methods are present. Its sole collaborator is the `Ship` interface."
"JamesZBL","abstract-factory","PermanentTeamFactory.java","PermanentTeamFactory implements TeamFactory as a concrete factory in the Abstract Factory pattern. It creates a consistent family of permanent team objects—Ship, Captain, and Sailor—through its three factory methods, ensuring all products belong to the same variant."
"JamesZBL","abstract-factory","OldCaptain.java","OldCaptain is a concrete `Captain` implementation whose `getDescription()` returns a fixed string. It serves as a product in an Abstract Factory context, collaborating with the `Captain` interface. No structural evidence supports the detected observer pattern."
"JamesZBL","abstract-factory","Ship.java","The Ship interface extends Member, serving as a product type in the Abstract Factory pattern. It defines the contract for ship entities that may participate in Observer pattern interactions."
"JamesZBL","abstract-factory","TeamFactory.java","The `TeamFactory` interface defines an Abstract Factory for creating a cohesive set of related objects—`Ship`, `Captain`, and `Sailor`. Concrete implementations supply the specific product variants, enabling clients to compose a team without depending on concrete classes."
"JamesZBL","abstract-factory","Member.java","`Member` defines the contract for any entity returning a descriptive summary. Its sole method, `getDescription()`, exposes a String representation without dictating implementation. Classes implementing this interface collaborate by providing concrete descriptions. In the Abstract Factory pattern, `Member` likely serves as an abstract product type produced by factories."
"JamesZBL","abstract-factory","Application.java","Application is the program entry point that assembles a ship crew via a `TeamFactory`, storing `Ship`, `Captain`, and `Sailor` fields with accessors. Collaborators include the factory and these domain types. A static analysis detected an observer pattern role."
"JamesZBL","abstract-factory","Sailor.java","Sailor is a public interface extending Member, defining a contract for sailor-type objects. It acts as a product in the abstract factory pattern and may participate as an observer in the observer pattern, collaborating with concrete factories and subjects."
"JamesZBL","adapter","Bus.java","The `Bus` class implements `Runnable`, serving as an executable task. It logs its activity via a static `Logger` instance. No explicit design pattern role is identified from the provided structure."
"JamesZBL","adapter","Car.java","Car defines the `drive()` contract, acting as the Component interface in a decorator pattern. Decorator and concrete car implementations collaborate through this abstraction."
"JamesZBL","adapter","Driver.java","The `Driver` class implements `Car` and wraps a `Car` instance, serving as a decorator. It delegates to the encapsulated `Car` via the overridden `drive()` method, enabling behavior extension without modifying the wrapped object."
"JamesZBL","adapter","BusAdapter.java","BusAdapter implements Car by wrapping a private Bus instance, adapting its interface. The drive() method overrides and delegates to the bus. Static analysis suggests a decorator pattern, though the class name indicates adapter intent. Key collaborator is Bus."
"JamesZBL","adapter","Application.java","The public `Application` class serves as the program entry point via its `main` method, responsible for initializing and executing the adapter demonstration. It likely instantiates key adapter and adaptee components, though static analysis reveals no direct collaborators or explicit design pattern roles."
"JamesZBL","decorator","HammerSmithOperation.java","The `HammerSmithOperation` acts as a Decorator for `Operation`, wrapping a `previousOperation`. It extends behaviour by overriding `checkBefore`, `join`, and `chekcAfter`. It collaborates with the wrapped `Operation` instance and uses a `Logger` for logging."
"JamesZBL","decorator","Operation.java","null"
"JamesZBL","decorator","CarpenterOperation.java","CarpenterOperation implements the Operation interface and serves as a concrete decorator. It collaborates with a Logger for logging and overrides checkBefore, join, and chekcAfter methods. The class fulfills the decorator role by wrapping and extending operation behaviour."
"JamesZBL","decorator","Application.java","null"
"JamesZBL","facade","CourseFacade.java","`CourseFacade` provides a simplified interface for managing a course lifecycle via `prepare`, `proceed`, and `stop`. It collaborates with a private list of `CourseParticipator` instances. No explicit design-pattern role is captured, though its name and structure suggest a Facade intent."
"JamesZBL","facade","CourseParticipator.java","Abstract class defining a template for course participants. It manages course lifecycle (prepare, proceed, stop) and commute actions (goToSchool, goHome), requiring subclasses to supply a name via `name()`. A logger is present, but no explicit design pattern role is evident."
"JamesZBL","facade","CourseStudent.java","CourseStudent extends CourseParticipator and overrides name() to supply a student-specific identifier. It collaborates with the CourseParticipator hierarchy to represent a student in course-related operations. No explicit design-pattern role is captured in the static analysis."
"JamesZBL","facade","CourseTeacher.java","CourseTeacher is a public subclass of CourseParticipator that represents a teacher. It overrides the name() method to provide the teacher’s identifier. No explicit design pattern role was captured. Its main collaborator is the superclass."
"JamesZBL","facade","Application.java","The `Application` class serves as the program entry point, containing only a `main` method. It has no explicit collaborators or design-pattern roles identified in the static analysis."
"JamesZBL","factory-method","ChineseCook.java","ChineseCook implements Cook as a concrete factory method creator. Its `cookFood` override returns a `Food` based on `FoodType`, fulfilling the Factory Method pattern. It may participate in an Abstract Factory when combined with other cuisine-specific cooks."
"JamesZBL","factory-method","FoodType.java","FoodType is an immutable value class that stores a food type name. It provides a constructor for initialization and a getName accessor. No collaborators or explicit design-pattern roles were identified from the static analysis."
"JamesZBL","factory-method","WesternFood.java","WesternFood is a concrete Food implementation holding a Western cuisine FoodType. It serves as a ConcreteProduct in Factory Method and Abstract Factory patterns, instantiated by factory methods, and overrides getFoodType and toString to expose its type."
"JamesZBL","factory-method","Cook.java","The Cook interface acts as a Creator in the Factory Method pattern, defining the factory method `cookFood(FoodType)` that yields `Food` instances. Its primary collaborators are `FoodType` and `Food`. Static analysis also hints at an Abstract Factory role alongside this interface."
"JamesZBL","factory-method","ChineseFood.java","ChineseFood implements Food, serving as a concrete product for Factory Method and Abstract Factory. It holds a FoodType and offers overridden getFoodType and toString. It collaborates with a Factory for instantiation."
"JamesZBL","factory-method","Application.java","The Application class acts as the entry point for a Factory Method example. It holds a `Cook` collaborator through a private constructor, and its `main` method triggers food preparation via `makeFood`. A static logger supports logging. The class coordinates the cooking process without revealing the concrete creation logic."
"JamesZBL","factory-method","WesternCook.java","null"
"JamesZBL","factory-method","Food.java","Defines the contract for a product in an abstract factory pattern, requiring concrete implementations to return their `FoodType`. It acts as the abstract product type, enabling factories to create varied food objects without specifying concrete classes."
"JamesZBL","memento","Plant.java","The `Plant` interface defines the abstract product in the Abstract Factory pattern, exposing weight, height, and `FlowerType` queries. Concrete plant families are instantiated through dedicated factory methods, ensuring consistent creations without specifying concrete classes."
"JamesZBL","memento","Flower.java","null"
"JamesZBL","memento","FlowerType.java","FlowerType holds a flower name exposed by toString(). Static analysis indicates it participates as a subject in an observer pattern, implying state-change notifications to registered observers. The class lacks explicit observer management, so collaboration is likely driven by an external framework or implicit subscription."
"JamesZBL","memento","Application.java","The public Application class serves as the program entry point, holding a static SLF4J logger and a main method. It bootstraps execution for the JamesZBL_memento project; no explicit design-pattern role was captured from static analysis."
"JamesZBL","observer","Northern.java","null"
"JamesZBL","observer","TimePoint.java","`TimePoint` is a simple value class that holds a named point in time. Its single responsibility is to store a `name` and return it via `toString()`. No collaborators or design-pattern roles are evident from the available structure."
"JamesZBL","observer","Time.java","Time serves as the subject in an Observer pattern, holding a `TimePoint` state and a list of `TimeObserver` listeners. Its `passing()` method invokes `notifyObservers()` to update all registered observers; `addObserver` and `removeObserver` manage the observer list."
"JamesZBL","observer","Southern.java","The `Southern` class acts as a concrete observer in the Observer pattern, implementing `TimeObserver`. It receives `TimePoint` updates via the `update` method and logs them using a static `Logger`. Its primary collaborator is the subject that notifies it of time changes."
"JamesZBL","observer","TimeObserver.java","TimeObserver is a public observer-pattern interface that receives state changes. Its single update method accepts a `TimePoint`, defining the contract for concrete observers. It collaborates with a subject (not shown) that notifies observers by passing the relevant time point, decoupling event sources from listeners."
"JamesZBL","observer","Application.java","`Application` serves as the program’s entry point, containing only `public static void main`. It initiates execution but reveals no explicit collaborations or design-pattern role within the project structure captured by static analysis."
"JamesZBL","singleton","ThreadSafeDoubleCheckLocking.java","ThreadSafeDoubleCheckLocking is a final singleton class that ensures a single instance via double-checked locking. Its private constructor prevents external instantiation, and the static getInstance method returns the volatile INSTANCE field. No collaborators are indicated."
"JamesZBL","singleton","EnumDirector.java","EnumDirector is a public class that overrides toString(). No fields, constructors, or collaborators are declared. Design-pattern roles are not evident from static analysis."
"JamesZBL","singleton","LazyInitializationDirector.java","The `LazyInitializationDirector` is a final singleton class that manages its own single instance via a private static field and constructor. It provides global access through `getInstance()` and has no explicit collaborators, fulfilling the Singleton design pattern role."
"JamesZBL","singleton","Director.java","null"
"JamesZBL","singleton","ThreadSafeLazyLoadDirector.java","ThreadSafeLazyLoadDirector is a thread-safe singleton that lazily initializes its instance. It uses a volatile field and synchronized access in `getInstance()` to guarantee a single instance. No external collaborators are defined. It implements the Singleton pattern with lazy loading."
"JamesZBL","singleton","Application.java","The `Application` class serves as the program entry point, containing the `main` method to launch the application. It uses a static SLF4J logger for internal logging. No explicit design-pattern role is assigned to this class."
"JamesZBL","visitor","Boss.java","Boss is a concrete element in the Visitor pattern, extending Unit. It aggregates child Units via its constructor and accepts a UnitVisitor through `beVisited`, enabling traversal over the composite structure. The overridden `toString` provides a string representation."
"JamesZBL","visitor","Engineer.java","Engineer is a concrete `Unit` that accepts a `UnitVisitor` through `beVisited`, fulfilling the"
"JamesZBL","visitor","ManagerVisitor.java","ManagerVisitor is a concrete visitor implementing UnitVisitor. It overrides visit methods for Engineer, Boss, and Manager, using its static Logger to record interactions. The class collaborates with these element types within the Visitor pattern."
"JamesZBL","visitor","UnitVisitor.java","The `UnitVisitor` interface declares three visit methods, each accepting a distinct collaborator: `Engineer`, `Boss`, or `Manager`. It serves as the visitor role, enabling polymorphic operations on these element types without altering their classes."
"JamesZBL","visitor","Manager.java","Manager extends Unit and aggregates child Units via its constructor. It overrides `beVisited` to accept a `UnitVisitor`, fulfilling the Element role in the Visitor pattern. The `toString` method provides a string representation."
"JamesZBL","visitor","BossVisitor.java","BossVisitor is a concrete Visitor implementing UnitVisitor. It provides visit methods for Engineer, Boss, and Manager objects, delegating to a static Logger to record each visit. Collaborators include the visited element types and the SLF4J logging framework."
"JamesZBL","visitor","Unit.java","An abstract element in a Visitor pattern that holds child `Unit` instances and accepts a `UnitVisitor` via `beVisited`. It serves as the common interface for concrete elements, enabling operations to be performed without modifying their classes."
"JamesZBL","visitor","EngineerVisitor.java","null"
"JamesZBL","visitor","Application.java","null"
"spring-framework","AbstractFactory","ClientHttpRequestFactory.java","Defines a factory interface for creating `ClientHttpRequest` instances. It hides creation details from callers, collaborating with `ClientHttpRequest` implementors. The single method, `createRequest`, accepts a URI and HTTP method, enabling polymorphic request construction without exposing concrete request types."
"spring-framework","AbstractFactory","AutowireCapableBeanFactory.java","The `AutowireCapableBeanFactory` interface extends `BeanFactory` to provide autowiring and bean configuration capabilities. It defines constants for wiring modes (by name, type, constructor, autodetect) and methods to create, autowire, and configure beans, enabling dependency injection without explicit configuration."
"spring-framework","AbstractFactory","HierarchicalBeanFactory.java","HierarchicalBeanFactory is a public interface extending BeanFactory that supports hierarchical factory traversal via getParentBeanFactory() and local bean existence checks with containsLocalBean(String). It manages parent-child factory relationships, collaborating with the parent BeanFactory. No explicit design-pattern role was identified."
"spring-framework","AbstractFactory","ListableBeanFactory.java","ListableBeanFactory extends BeanFactory to enumerate bean definitions and retrieve beans by type. It collaborates with ObjectProvider for lazy/optional injection and ResolvableType for generic resolution. It serves as a listing-capable factory in Spring’s container, though no explicit design pattern role is captured."
"spring-framework","Adapter","IsolationLevelDataSourceAdapter.java","IsolationLevelDataSourceAdapter extends UserCredentialsDataSourceAdapter to enforce a configurable transaction isolation level on JDBC connections. It overrides doGetConnection to apply the level before returning, leveraging inherited credential handling. The static constants map simplifies resolution of symbolic isolation names. No explicit design pattern role is captured."
"spring-framework","Adapter","HttpRequestHandlerAdapter.java","null"
"spring-framework","Adapter","SimpleControllerHandlerAdapter.java","The SimpleControllerHandlerAdapter acts as an Adapter, implementing `HandlerAdapter` to bridge a plain controller with the dispatcher. It checks handler compatibility via `supports()` and delegates requests to the controller, using `HttpServletRequest` and `HttpServletResponse` to return a `ModelAndView`."
"spring-framework","Adapter","MethodBeforeAdviceAdapter.java","MethodBeforeAdviceAdapter adapts a `MethodBeforeAdvice` into a `MethodInterceptor` for the AOP framework. It implements `AdvisorAdapter` and `Serializable`, providing `supportsAdvice` and `getInterceptor` to bridge advisors and interceptors, fulfilling the Adapter pattern role."
"spring-framework","Decorator","BufferingClientHttpResponseWrapper.java","BufferingClientHttpResponseWrapper acts as a Decorator around a `ClientHttpResponse`, caching the response body as a single volatile byte to support repeated"
"spring-framework","Decorator","ScopedProxyBeanDefinitionDecorator.java","Decorates bean definitions for scoped proxy behavior by reading the `proxy-target-class` attribute from the XML node. Collaborates with `Node`, `BeanDefinitionHolder`, and `ParserContext` during namespace parsing. Implements `BeanDefinitionDecorator` to modify bean definitions in a custom XML namespace processing flow."
"spring-framework","Decorator","ContentCachingRequestWrapper.java","null"
"spring-framework","Decorator","WebSocketHandlerDecorator.java","WebSocketHandlerDecorator is a decorator for WebSocketHandler that delegates all handler operations to a wrapped instance. It provides `getDelegate()` and `getLastHandler()` to navigate a decorator chain, plus a static `unwrap` helper to extract the innermost handler."
"spring-framework","Facade","TransactionTemplate.java","TransactionTemplate simplifies programmatic transaction management by wrapping a `PlatformTransactionManager`. It implements `InitializingBean` to validate the manager, and its `execute` method follows the Template Method pattern, handling transaction lifecycle around a `TransactionCallback`."
"spring-framework","Facade","RestTemplate.java","RestTemplate is a central facade for synchronous HTTP access, implementing `RestOperations`. It manages message converters, error handling, and URI templates. Key collaborators include `HttpMessageConverter` for serialization, `ResponseErrorHandler` for error processing, and `ResponseExtractor` for header extraction. No explicit design-pattern role is captured."
"spring-framework","Facade","JmsTemplate.java","JmsTemplate provides a template-style facade for JMS operations, implementing JmsOperations. It collaborates with a ConnectionFactory, MessageConverter, and default destination to simplify message sending and receiving. No explicit design-pattern role is captured beyond its use as a convenience layer over JMS APIs."
"spring-framework","Facade","JdbcTemplate.java","JdbcTemplate implements JdbcOperations and extends JdbcAccessor, serving as the primary JDBC operation executor. It manages query settings (fetchSize, maxRows"
"spring-framework","FactoryMethod","CronTriggerFactoryBean.java","`CronTriggerFactoryBean` is a Spring `FactoryBean` that creates `CronTrigger` instances. It configures the trigger via setter-injected dependencies (e.g., `JobDetail`, `JobDataMap`, start time) and implements `BeanNameAware` and `InitializingBean` for lifecycle management."
"spring-framework","FactoryMethod","SchedulerFactoryBean.java","SchedulerFactoryBean is a FactoryBean that creates and manages a Quartz Scheduler, integrating it with Spring’s lifecycle. It collaborates with a SchedulerFactory and uses thread-local holders for resources. It implements InitializingBean, DisposableBean, and SmartLifecycle to control scheduler startup and shutdown."
"spring-framework","FactoryMethod","AdaptableJobFactory.java","AdaptableJobFactory implements JobFactory to create Quartz Jobs from a TriggerFiredBundle and Scheduler. It follows a two-step process: createJobInstance instantiates the target object, then adaptJob converts it into a Job. Subclasses may override these protected methods for custom creation and adaptation."
"spring-framework","FactoryMethod","JobDetailFactoryBean.java","A Spring FactoryBean that produces Quartz JobDetail objects. It configures job class, name, group, durability, recovery, and a JobDataMap. Implements InitializingBean for post-setup validation. Collaborates with JobDataMap and the target Job class."
"spring-framework","FactoryMethod","MethodInvokingJobDetailFactoryBean.java","null"
"spring-framework","Memento","SimpleApplicationEventMulticaster.java","SimpleApplicationEventMulticaster extends AbstractApplicationEventMulticaster to broadcast application events. It optionally delegates to a configurable Executor for asynchronous delivery and an ErrorHandler for exception management. The class collaborates with BeanFactory for listener resolution and serves as a concrete multicaster without a declared design-pattern role."
"spring-framework","Memento","SavepointManager.java","The `SavepointManager` interface defines a contract for managing transactional savepoints. It allows clients to create, roll back to, and release savepoints via opaque `Object` handles. Collaborators include transaction infrastructure that implements these operations. No explicit design-pattern role is captured."
"spring-framework","Memento","AbstractTransactionStatus.java","A skeletal base for `TransactionStatus` implementations that tracks rollback-only and completion flags, and holds a savepoint reference. It delegates to subclasses for global rollback detection and savepoint management, ensuring consistent state through methods like `setCompleted()`. No explicit design pattern is reflected in the structural data."
"spring-framework","Observer","ApplicationEventPublisher.java","ApplicationEventPublisher is a public interface defining the contract for publishing events. It provides methods to publish either an ApplicationEvent instance or any Object as an event, central to Spring's event-driven observer pattern. Collaborating with ApplicationEvent, it enables decoupled communication between components."
"spring-framework","Observer","ApplicationListener.java","Implements the Observer pattern for Spring application events. As a generic interface extending `EventListener`, it defines `onApplicationEvent` callback and `supportsAsyncExecution`. The static `forPayload` factory creates listeners from consumers, collaborating with `PayloadApplicationEvent` to deliver payloads."
"spring-framework","Observer","AbstractApplicationEventMulticaster.java","AbstractApplicationEventMulticaster is a skeletal multicaster that manages listener registration and retrieval. It collaborates with `DefaultListenerRetriever` and a retriever cache, integrates with the bean factory through `BeanClassLoaderAware`/`BeanFactoryAware`, and delegates listener access to the default retriever."
"spring-framework","Singleton","SmartInitializingSingleton.java","The `SmartInitializingSingleton` callback interface lets beans react after all singleton beans are fully instantiated in the Spring container. Implementations receive a single `afterSingletonsInstantiated()` invocation, enabling late initialization steps. It collaborates with the IoC container as a post-instantiation hook, following a publish–subscribe pattern."
"spring-framework","Singleton","DefaultSingletonBeanRegistry.java","DefaultSingletonBeanRegistry manages singleton bean instances, supporting registration, early reference resolution, and callback handling. It collaborates internally via maps and locks, and extends SimpleAliasRegistry for alias support. No explicit design-pattern role is captured."
"spring-framework","Singleton","SingletonSupplier.java","null"
"spring-framework","Singleton","SingletonBeanRegistry.java","Defines a contract for managing named singleton beans, supporting registration, retrieval, existence checks, and post‑registration callbacks. Uses `Consumer` functional interfaces for callback actions. Serves as a registry in a larger bean container context, though no explicit design pattern is captured."
"spring-framework","Visitor","BeanDefinitionVisitor.java","The `BeanDefinitionVisitor` traverses a `BeanDefinition` and resolves placeholder strings using a `StringValueResolver`. It delegates to protected visitor methods for individual metadata elements and recursively resolves values in collections (lists, maps, sets, arrays). No explicit design-pattern role is captured."
"spring-framework","Visitor","BeanFactory.java","null"
